Address__c,Assessed_Value__c,Baths__c,Beds__c,Broker__c,City__c,Date_Agreement__c,Date_Closed__c,Date_Contracted__c,Date_Listed__c,Date_Pre_Market__c,Description__c,Location__latitude__s,Location__longitude__s,Picture__c,Price__c,Price_Sold__c,State__c,Status__c,Tags__c,Thumbnail__c,Zip__c,id
Particularly TV.,227451.57,1,5,Broker__cRef10,So experience.,1979-08-26,1978-08-21,1980-05-18,1981-07-13,1994-07-24,Rest would development system now. Pass than cost if player system which economic.,35.3010425,-102.606214,http://reyes-yoder.com/,553075.51,746194.9,Build bar perform.,Closed,Need play thus show.,http://erickson.com/,Land.,1
Great somebody.,456767.57,3,4,Broker__cRef10,Simple never.,2018-03-25,1970-07-03,1970-07-10,1977-09-02,2009-04-18,Lay other list yet listen weight. Exactly picture voice the low each. Reflect career say meeting against.,37.2362795,166.733270,http://www.ramsey-lamb.com/,332346.31,255648.16,History question.,Contracted,Piece specific born.,https://www.brandt-cisneros.com/,Fact.,2
Their for company.,73060.45,3,3,Broker__cRef10,Region who contain.,1976-06-03,1999-04-29,1994-11-04,1998-05-08,2001-02-22,New whom effort sit green argue.,-70.646555,28.248962,http://www.callahan-barr.net/,659385.51,229122.4,Their war what.,Available,Deal fight plant.,https://www.silva.com/,Sell.,3
Leave relationship.,211299.96,0,4,Broker__cRef10,List benefit system.,1991-05-21,2010-07-24,1973-01-15,1979-03-30,1975-01-16,Baby at cup build or amount until. Less difficult community. Win travel across sure.,79.3919965,-164.124074,https://www.jones-mullins.com/,883029.57,147418.65,Staff its.,Closed,Beautiful city unit.,https://hill-long.com/,Raise.,4
Class successful.,786523.87,0,1,Broker__cRef10,Television take.,2012-02-24,2021-01-08,1971-12-14,1989-01-01,2001-06-28,Phone expect agency sometimes enter. Challenge level old in. Away it road argue also report.,-87.1113425,53.467222,http://www.duran.com/,346575.1,344098.95,Why theory look.,Available,Tend hold person.,https://www.best.com/,Test.,5
Remain pay happy.,361921.84,2,5,Broker__cRef10,Fast east call move.,2018-03-19,2002-08-30,1990-04-27,1994-03-19,2019-12-11,World pass analysis technology able magazine manage hair. It financial wide early travel be. West wife technology.,-71.5202075,-93.265240,https://wise.info/,122716.28,610017.1,Close so white.,Contracted,Draw establish.,https://leach.org/,Party.,6
Case new wind west.,879596.29,2,1,Broker__cRef10,Public remember.,1980-05-28,2012-01-14,1996-12-20,2015-10-12,1985-12-02,Why father pick its. Drop direction happy federal.,-76.962310,-65.843778,http://gamble-turner.info/,340962.9,3882.37,Decision sing.,Closed,Plan race easy.,https://www.payne-mullins.com/,Out.,7
Financial challenge.,847788.67,1,3,Broker__cRef10,Everything single.,2008-02-23,2019-05-30,2014-04-16,2007-09-19,1975-04-11,Community north morning simple seek. Compare draw social condition camera interesting avoid system.,-6.713772,106.340723,http://www.clay.info/,330060.5,448305.22,Into buy get where.,Available,Picture go left.,http://buckley.info/,Read.,8
Leg particular away.,471532.22,2,4,Broker__cRef10,Push before entire.,1971-11-29,1985-12-10,1988-07-05,1992-11-13,1990-07-14,Pick employee many account size professional structure wait. Adult million thus rock. Forward specific send admit.,-85.7481555,-115.643908,http://roach.com/,783018.67,546614.26,Career capital.,Available,Factor himself.,http://www.cherry.com/,Peace.,9
Vote game send cell.,559193.3,0,2,Broker__cRef10,Me herself right.,1995-08-17,1970-08-12,2009-08-05,1978-05-30,2002-01-30,Pressure product system administration how probably. Military hair per hair. Main interest clear long. Occur land put real individual.,80.931484,-178.329049,http://www.hess.com/,469632.15,570896.8,Someone local old.,Contracted,Meet issue read.,http://www.deleon-valdez.biz/,Than.,10
Response letter.,870372.73,3,0,Broker__cRef10,Century quality.,1986-04-07,2005-11-29,1997-02-10,1982-06-17,2022-11-08,Expect race draw important arm agent. Question conference painting process cold property mission. Officer street act unit year.,82.761242,28.447707,https://grant-orozco.com/,530302.19,986446.17,Side here compare.,Contracted,Follow according.,https://estes.com/,Take.,11
Radio admit picture.,649847.9,2,4,Broker__cRef10,Simple resource.,2013-08-30,2014-01-21,1983-03-21,1976-02-01,2001-06-08,Blood security beautiful whatever station. Against happen week pretty. Such soldier because many.,-5.435363,-84.327476,http://www.cohen.com/,450654.8,384487.33,Style information.,Contracted,Wrong give add your.,https://chan-hebert.com/,Down.,12
Necessary professor.,33466.44,3,2,Broker__cRef10,Leave senior point.,1998-03-08,2000-01-21,2013-10-12,2021-09-28,1971-05-10,Process those of major talk many special. Movement fast person spring especially.,24.849633,106.752677,https://mcdonald-trevino.info/,486224.57,13314.58,Cost size listen.,Under Agreement,Tough others.,http://hodge.com/,Draw.,13
Purpose office way.,29103.41,2,4,Broker__cRef10,Idea environment.,2002-06-06,1999-09-04,2002-08-10,1970-09-28,1974-09-08,Girl which certain product game brother with. Positive certain culture world turn.,89.2638385,-30.978781,http://www.dickson-blackwell.org/,767513.32,216951.37,Prove during travel.,Available,Report team.,https://richard-hansen.org/,Watch.,14
Peace change.,33342.88,0,0,Broker__cRef10,Identify possible.,1974-11-16,2006-02-14,1974-04-21,2011-06-03,2015-03-10,Position thousand share billion take success. Difference article your heart. Exactly area mean.,-16.159537,148.944604,http://cisneros.com/,929408.89,179503.8,Beat industry.,Under Agreement,Life land sound.,https://www.blackwell-galvan.com/,Raise.,15
Provide sound.,300539.17,1,5,Broker__cRef10,Just term artist.,1983-07-27,1970-09-02,1989-07-01,2011-09-10,2014-11-28,Experience like amount wind someone. Partner network recognize maybe. School different his pull minute finally present industry.,12.6800795,-84.747049,https://larson.com/,411148.2,290213.74,Before trouble off.,Contracted,Father book on easy.,http://www.howard.com/,Keep.,16
Opportunity bank.,853986.8,1,2,Broker__cRef10,Much statement she.,1986-11-29,1973-05-10,2007-01-30,2002-04-15,1981-03-28,Girl politics resource year. Call entire vote stay.,-10.129777,-142.299893,http://flynn.com/,15338.7,249976.92,Amount positive low.,Available,Cell sometimes deal.,https://www.duke.com/,Skill.,17
Image interesting.,688820.47,3,2,Broker__cRef10,Institution he gas.,2002-05-01,2013-12-10,2014-10-01,2006-02-21,2017-12-09,Suggest almost ask argue. Adult edge skin reduce threat white. Arrive free tonight police store. International business of close bank third simple.,73.0440185,46.270567,https://conley.biz/,818143.77,28149.91,Here traditional.,Closed,Talk just explain.,https://www.braun.com/,Play.,18
Those decade.,137363.41,0,5,Broker__cRef10,Occur adult fire.,1986-12-26,2019-04-05,1993-08-12,1988-08-09,2004-03-08,Position easy student. Clear fear life exactly provide view. Pressure hot center actually national. Expert for other fund.,0.3622925,-15.429034,https://www.lynch.com/,803979.55,239808.96,Attention myself.,Contracted,Simply player.,https://www.black-hawkins.info/,Those.,19
Trouble player win.,253555.21,2,4,Broker__cRef10,Pretty Mr actually.,1986-09-29,2022-09-04,2023-01-13,1988-12-31,2002-01-02,Daughter agreement change property suggest walk together something.,-0.847897,86.971442,https://fischer-fleming.org/,11765.96,742260.15,Especially know.,Available,Different event.,http://www.jacobson-patel.net/,Look.,20
Natural PM owner.,687216.73,2,2,Broker__cRef10,Fly throughout.,1991-08-16,2007-12-15,2020-05-06,1977-11-26,2015-01-13,Woman certain company partner. Car minute certain than necessary actually above. Space practice compare light month call.,-13.8923395,61.343039,http://reid-lucero.net/,692873.98,93350.41,Successful kitchen.,Contracted,Notice garden size.,https://www.ali-serrano.info/,Near.,21
First include.,748376.15,3,0,Broker__cRef10,Take woman build.,1991-10-16,1975-09-09,1986-08-22,2015-12-21,2012-08-05,Participant stock officer suffer before also morning pattern. Office his forget event government let. Court security strategy drive degree along member.,21.162462,-72.447788,https://www.patrick.com/,676303.22,8167.26,Beat more make new.,Contracted,Family space street.,http://munoz.com/,Even.,22
Grow community book.,454853.92,0,1,Broker__cRef10,Herself itself.,2005-07-09,1983-08-26,1974-01-23,2020-02-17,2000-10-12,Rise sometimes movement direction fact sound able. Side beat open somebody teach. Mind discussion can together election itself.,14.1430435,-163.533168,https://www.walter.biz/,975088.91,943487.85,Later those threat.,Closed,Dream far ability.,http://www.mcdonald.com/,Left.,23
Happen American.,798009.24,3,4,Broker__cRef10,Goal north thank.,1982-03-29,2008-09-09,2009-08-26,1988-06-08,2000-04-10,Just ball case. Base remember garden from house.,11.4720295,61.006383,https://ware.com/,7761.92,986790.24,Real subject spend.,Pre Market,Loss remember.,http://www.howe.com/,Chair.,24
Sister room.,4102.95,1,5,Broker__cRef10,Everyone by worker.,2004-02-17,2017-12-11,1998-07-03,2009-10-31,1990-12-02,Somebody once finally trial hand stage recently. Box avoid always. Only eat natural so. Worry run more church believe training how.,81.272734,-49.922075,http://berger-rice.com/,761849.86,838075.75,Our any water.,Pre Market,Against southern.,http://www.bautista.com/,House.,25
Six six executive.,429965.18,0,5,Broker__cRef10,Try pattern example.,2021-03-15,2001-01-29,1977-02-17,1999-05-11,1971-05-04,Wait student move. Kid particular design truth week name life.,1.934039,-75.053979,http://www.frost-gallegos.biz/,942974.74,975273.8,Newspaper reveal.,Available,Walk number bar.,https://www.ferguson-benjamin.com/,Heart.,26
Compare letter.,847155.19,1,0,Broker__cRef10,Open left mission.,1985-03-09,1988-05-12,2021-01-28,1996-01-17,2018-08-26,Tend first themselves impact ground take claim. Present art city.,85.343531,-67.835349,http://www.allison-day.com/,886813.26,206843.21,Wide put store need.,Closed,Worry level suggest.,http://pugh.info/,Best.,27
Player individual.,238789.11,0,0,Broker__cRef10,For person score.,1987-03-03,2002-03-20,1975-04-20,2018-05-08,1978-06-28,Staff share specific buy his. Nation occur inside respond half real. Program happen involve before could Mrs office. True five event cover.,85.324580,-58.869016,https://www.bennett.com/,942836.17,231680.56,Plant common.,Contracted,Car little.,http://www.gentry.com/,Your.,28
Option huge perform.,170166.81,2,0,Broker__cRef10,Arm company other.,2007-02-14,1977-11-01,1981-07-17,1998-07-19,2013-06-19,Response kid lead fine. Similar same can store fill. Along north eye wait.,35.3805335,-39.838920,http://holloway.com/,875626.18,724216.66,Practice safe.,Pre Market,Better send maybe.,http://www.goodman.net/,Five.,29
Music fish team per.,498673.63,3,2,Broker__cRef10,Someone heart grow.,1971-04-02,1976-06-03,2018-02-09,1995-10-20,1985-09-07,Certainly enough everyone boy woman third us. Likely friend coach education deep write.,69.2864565,-165.388146,http://www.tran.biz/,980251.45,109246.96,Customer interest.,Pre Market,Task guess machine.,http://garner-velasquez.com/,Book.,30
Break peace charge.,907539.74,0,5,Broker__cRef10,Rise tough staff.,2002-01-12,2017-11-14,2012-12-17,1980-09-12,2019-06-06,Voice can debate prevent soon. Board good herself sister boy media want.,-87.864374,125.058764,https://www.carey.org/,819395.8,63306.48,Reach speak sell.,Pre Market,Turn system western.,https://www.estrada.org/,Home.,31
South pressure.,330589.91,2,1,Broker__cRef10,Nation form bill.,2017-12-09,2006-04-16,2022-05-29,1971-09-28,1990-03-13,Daughter such accept large art rest. Become cold anyone.,84.2299525,-79.380727,http://norris-maxwell.com/,802748.4,887281.18,Accept event.,Available,Want whole ten.,http://www.potter-costa.com/,All.,32
TV voice cold will.,271924.53,0,5,Broker__cRef10,Member pattern.,2002-09-12,2016-10-02,2016-09-25,2017-11-29,1991-01-10,Middle occur may reflect sometimes you. Of lose total happy. Young sit herself improve.,-7.7058435,32.266347,https://www.wright.biz/,792509.18,19236.59,Goal along suddenly.,Available,Majority probably.,https://www.clark.com/,Skill.,33
Treatment reflect.,990469.97,3,5,Broker__cRef10,Evidence whether.,1985-09-29,2000-05-25,1985-11-13,1978-08-09,1988-05-20,Professor vote somebody each democratic tonight miss enter. Development without away manage difficult. Rate image other provide campaign where national war.,45.6632065,15.297824,https://chaney.org/,327168.28,353494.31,Toward middle see.,Available,Expert detail tax.,https://www.landry-costa.com/,Cause.,34
Detail fish easy.,610228.44,1,0,Broker__cRef10,Boy sort home.,2023-03-15,2020-09-09,2003-12-12,1998-06-30,1971-10-29,My less medical per.,-49.827586,-74.404577,https://www.green.org/,875947.48,719989.86,About two around.,Closed,Force change tend.,http://mata-mckee.com/,Rate.,35
Can method partner.,539049.51,0,4,Broker__cRef10,You window save.,1993-07-19,1996-01-14,2015-01-20,1990-09-15,2002-12-14,Floor travel think art want establish benefit. Leave hundred wife truth likely section. Job character thousand risk oil growth.,62.8392145,159.426216,https://www.jacobs.info/,114233.12,593570.77,Skill state.,Pre Market,Guess some hotel.,https://flores-meyer.info/,Sure.,36
Agreement bed occur.,38908.8,0,2,Broker__cRef10,Ball no job.,2020-06-19,2018-10-10,1981-05-23,1995-10-08,1999-04-15,Themselves instead wind. Yeah coach quite change her statement try like. Within along hand gun.,-35.8492145,36.909062,http://www.coleman.com/,276655.99,132769.49,Seem green during.,Under Agreement,Opportunity network.,http://www.page-martin.com/,Eat.,37
Already last avoid.,743255.67,3,3,Broker__cRef10,As kitchen group.,1981-12-01,1973-06-29,1982-12-17,2011-12-14,1989-12-06,Force throw successful degree. Then trouble side exactly leg the. Spend everyone unit center nation.,53.5071715,73.666811,https://www.stephens.org/,746928.3,261675.72,Medical staff.,Closed,What mention six.,https://rodgers-doyle.com/,Power.,38
Agree trouble.,780334.68,1,3,Broker__cRef10,Door peace.,1998-04-30,2016-06-01,2019-05-14,2013-10-04,1971-05-21,Simple as notice scientist finish program. Yet marriage easy team produce.,-89.7198305,29.885768,http://hendrix.org/,746677.4,774697.9,Happen until leg.,Closed,Others vote.,http://velez.com/,View.,39
Green it will may.,222688.99,0,1,Broker__cRef10,Behavior share.,1972-06-14,1984-04-10,2010-04-04,1978-04-02,2020-12-09,Anyone discuss woman election ability. More fall data speech fall. Discussion instead book little trade mention.,-61.848292,-80.818079,http://www.frey-saunders.com/,555470.6,701441.49,Thus within.,Available,Believe remain lot.,https://cummings.com/,Bar.,40
TV movement.,501573.23,2,4,Broker__cRef10,Even same early.,1998-12-28,2022-07-22,1995-05-12,1994-06-06,1991-05-24,When affect according manage fish. Fine win interesting should lay behind kid.,80.676589,-125.355039,https://sanford-barron.com/,447244.99,923415.48,Goal nothing each.,Contracted,Age wife own month.,https://case-clayton.com/,Party.,41
Reflect fast power.,542144.64,0,4,Broker__cRef10,Vote result result.,1970-04-02,1995-05-08,1995-02-16,1979-10-22,1983-12-01,Thank pull voice growth. Know actually still.,73.108599,-152.552691,http://espinoza-pierce.net/,573293.35,444937.87,What big that happy.,Closed,Parent fear even.,http://cochran.com/,Want.,42
Media decision.,145686.8,1,3,Broker__cRef10,Training record.,2002-06-22,1981-09-02,2022-03-10,2016-08-30,1988-07-20,Option writer technology.,-44.670369,-154.265811,http://www.duarte-pittman.info/,302746.46,323465.49,Beat nation many.,Under Agreement,Recently media.,http://arellano.com/,Share.,43
Near either speak.,695406.62,0,0,Broker__cRef10,These keep key two.,2014-01-16,2004-08-27,2010-08-10,1974-01-25,1990-05-10,Guy effort guy situation. Market manager fear sense help society staff way. Mention woman law late.,38.606975,-74.176546,http://duran-strickland.com/,524324.28,198109.36,Thank resource.,Under Agreement,This although.,http://novak.com/,Fact.,44
Both two own.,517248.2,2,1,Broker__cRef10,Stand marriage.,2006-06-03,1998-11-07,1973-07-11,1992-03-28,1984-09-24,Hear bad stuff this system. Buy decision first purpose woman international.,-52.9316175,132.022637,http://pierce-ibarra.com/,284502.24,884472.54,Choose pick cell.,Under Agreement,Himself.,https://www.ferrell.com/,Civil.,45
I walk throughout.,301255.52,3,0,Broker__cRef10,Behind science.,1971-06-04,1982-09-27,1987-08-24,2015-10-18,1991-08-10,Even loss fire morning run rise consider case. Star space item beat market production.,86.0841025,-90.701651,https://petersen-marquez.com/,421573.95,847072.94,Fill audience.,Under Agreement,Born they country.,http://www.montes.com/,Add.,46
Take dark officer.,960634.3,1,0,Broker__cRef10,Go short admit.,1986-07-24,1985-02-26,2008-11-14,2001-01-17,1982-08-10,Itself wrong seek research model chair. How wrong respond computer. Attack treat manage let.,20.5373085,-64.798314,https://martin.biz/,547496.48,923087.18,Enough government.,Pre Market,Test little when.,http://www.holmes.com/,Owner.,47
Think economic.,191177.17,0,3,Broker__cRef10,Moment account cost.,1999-12-20,2009-03-18,1990-03-02,1995-04-21,2012-01-02,Never everything wish before. Investment manage health simply. Notice most mean provide.,-13.0080035,-11.932210,https://www.cain.biz/,377238.54,132889.63,Save spend Democrat.,Under Agreement,Positive finish.,https://www.mason-massey.biz/,Trip.,48
Keep low soon they.,395001.5,1,2,Broker__cRef10,Minute soon measure.,2021-12-19,1999-08-13,1987-03-28,1989-01-06,1975-11-22,Mr seek until significant political. Popular pretty audience. Discuss market building leader allow alone. Because manager star marriage.,-58.8318425,-73.680817,https://benjamin.net/,107226.7,229298.29,Better option vote.,Contracted,Experience value.,https://rocha.info/,Board.,49
Experience another.,153587.68,3,3,Broker__cRef10,Be until long.,2018-01-31,1992-02-24,2010-04-01,1996-01-07,2023-03-04,East rise sort cut. Everyone inside financial lot sell probably. Nearly wish blue learn decade.,37.986153,-0.697115,https://mccarthy.info/,884579.6,131989.84,Mrs smile push.,Pre Market,Executive local.,https://www.wilcox.info/,Offer.,50
Later spend still.,708995.5,2,4,Broker__cRef10,Vote as decision.,2015-11-15,1994-11-22,2012-03-21,1973-03-15,2007-05-31,Lose good player push hotel in throw final. Chance rich suffer staff street. Black Democrat build.,5.1587385,-38.129683,https://glover.biz/,586624.16,338102.75,Song sit how.,Closed,Support school.,https://hebert.biz/,About.,51
Why even turn.,359779.17,0,3,Broker__cRef10,Summer maybe group.,1980-05-09,1984-11-01,2009-07-05,2006-07-24,1979-07-08,Raise five article not. Item kind help training.,-56.1140125,15.395095,https://reyes.info/,199760.64,596944.85,Six buy people.,Available,Cold institution.,https://www.whitaker.biz/,Focus.,52
Beyond officer even.,309035.51,2,4,Broker__cRef10,Simply great card.,2015-03-17,2021-01-08,1991-02-20,2019-02-06,2004-08-16,Father sell produce water seven choose movie. Your administration goal child. Knowledge her inside. Brother structure consider.,-7.9621655,147.930834,http://townsend.org/,937485.59,459434.31,Team smile them.,Contracted,Arm time perhaps.,https://www.gomez.com/,Most.,53
Computer although.,485748.29,2,4,Broker__cRef10,Want today fund.,1983-09-18,1993-04-28,1981-04-19,1977-04-03,1999-08-28,Apply cell blood since six begin. Floor special suddenly. Ready score material short back walk minute while. Beat serve produce south each.,-79.6810465,162.793483,http://sampson.com/,140614.3,766021.9,Firm show yes.,Under Agreement,When product true.,http://malone.info/,South.,54
Where born sense.,603799.4,0,4,Broker__cRef10,Also money sort.,1997-07-21,1995-04-14,1994-09-09,2009-12-06,2007-09-23,President want free gun like training maintain leader. Could majority international well. Lead relate throughout rich it win visit.,72.2169755,13.192440,http://www.chang.com/,830848.96,423083.82,Even mean glass.,Pre Market,Identify seat space.,https://www.brooks-gordon.info/,Early.,55
Despite around.,668405.84,3,3,Broker__cRef10,Cell mention right.,2001-06-29,2022-12-18,1995-01-05,2009-10-02,1970-03-27,Son few dream marriage lead kind program. Oil rule stand.,87.3868245,103.070475,https://torres.com/,786341.95,691421.98,Fish dark red.,Closed,Red area someone.,http://david-medina.com/,Us.,56
Still really wear.,692173.4,3,4,Broker__cRef10,Position firm.,1976-08-24,2022-02-05,1991-02-24,1979-05-14,2000-01-28,Cup include never need across buy boy. Magazine star summer audience. Like try detail student.,84.072588,-38.602104,https://nielsen.com/,304695.69,109260.26,Attorney nature.,Contracted,Range hear check.,https://ho.org/,Learn.,57
Reach once time.,211707.78,3,5,Broker__cRef10,Sort owner over.,1978-07-22,1971-03-04,1987-09-21,1998-11-30,2008-05-09,Represent analysis course enjoy no size management. Travel either modern none nearly.,63.567334,92.124205,https://brown-cruz.biz/,387536.53,577827.3,Interesting food.,Available,Article scene.,http://www.nguyen.com/,Up.,58
Already special.,171618.8,0,0,Broker__cRef10,Indeed ever billion.,2019-01-05,1978-12-01,2009-01-06,1980-09-23,2009-02-05,Benefit dark particularly heart wear indeed me. Manage religious worker usually site term. Hundred live author expect drug structure.,31.071551,-98.777680,https://marquez.com/,87147.96,992182.36,Cut score camera.,Pre Market,Let book defense.,https://www.brandt.com/,Time.,59
Indicate where.,388636.1,2,0,Broker__cRef10,Water officer hit.,1989-12-06,1996-12-25,2017-06-05,1977-02-11,2018-09-01,Fire section expect bar defense beat I. Learn process simply trip them from. Open go why they somebody page.,-66.4290025,43.859758,https://www.rivers-henry.info/,364456.37,981011.44,Movie my word six.,Contracted,Determine against.,https://www.gonzales-sims.org/,Over.,60
Understand read.,998995.67,1,2,Broker__cRef10,Religious own write.,2020-08-10,2006-11-29,2000-04-26,2003-08-15,2001-10-02,Yourself base she.,-18.3519975,-113.331163,https://pruitt.net/,577001.2,593057.71,Expert within us.,Contracted,Successful inside.,http://gallegos.info/,Long.,61
Quite camera news.,173809.62,3,0,Broker__cRef10,Industry war others.,2001-08-25,1992-01-20,1992-08-05,1978-08-18,2015-12-18,Strategy wear kitchen school line mouth market. Someone range direction music interesting yourself. Sense beyond all into.,23.219959,-42.214804,http://salinas.biz/,930856.14,922879.83,Upon fact can me.,Under Agreement,Yet big public.,http://www.rich.com/,Pay.,62
Page happy same.,129922.96,2,1,Broker__cRef10,Boy media better.,1984-03-05,1985-10-20,2018-01-15,1974-03-25,1984-01-06,Class piece speak. Tax use city friend probably blood. At money truth year music real job. Expert American low nothing.,-40.9419205,36.636619,https://davenport-taylor.net/,204099.77,471994.12,Space save certain.,Contracted,Author price.,http://www.rose.com/,Smile.,63
Follow top.,617299.2,3,4,Broker__cRef10,About hour training.,1984-04-24,2007-06-04,1970-07-16,2010-08-02,2022-08-07,Common control fact south attorney decide contain. Issue think conference language. Customer enough industry return central without.,-72.150860,92.671925,https://www.sparks-watts.com/,517313.85,505504.79,Performance base.,Contracted,Develop brother act.,http://harrell.biz/,West.,64
Church various.,856303.18,3,0,Broker__cRef10,Subject shoulder.,1985-10-28,2007-03-01,1982-06-07,1996-11-16,1975-12-15,Eye decade too dark should win. Cultural really return close industry newspaper could. Close really major trial cold. Trip building act push memory animal.,31.6108545,-70.225571,http://www.mitchell-hopkins.net/,311257.7,134313.23,Late fast leave boy.,Pre Market,See crime prove.,http://rios-fisher.org/,Side.,65
Article question.,301195.94,3,0,Broker__cRef10,East education drug.,2017-07-28,1972-03-16,1983-06-20,2004-06-02,1976-05-04,Hear case suggest line phone station generation. Officer guy discuss official beautiful together. Industry oil land this. Create now head.,-76.0565905,-37.340195,http://www.werner.com/,273411.14,800123.67,Policy national.,Contracted,Radio foot life.,https://www.david-warren.com/,Fill.,66
Research step near.,321946.29,3,4,Broker__cRef10,Some individual.,1983-01-11,1970-07-04,2020-04-08,1977-10-11,2015-06-08,Rather happen likely range order loss toward. Attack more yet then pick. The hope pressure no chance because well.,-32.4330875,177.364037,https://www.snyder.info/,544839.65,296422.15,Piece their land.,Contracted,Hand forget off.,http://www.larsen.info/,Hope.,67
Social myself most.,72654.7,1,0,Broker__cRef10,Professional car.,1972-10-25,2008-11-08,1999-05-17,1991-04-03,2012-07-20,Trip hair mouth campaign. Space ten street option beyond black. Land war smile voice.,31.2511205,42.835775,http://mccann.com/,660837.13,440557.52,Artist push.,Available,Subject machine sit.,http://www.pratt.info/,Small.,68
Their address ball.,33325.79,3,3,Broker__cRef10,Even mind cup next.,1999-07-01,1983-01-01,2004-07-01,2002-09-01,2019-03-09,Seem they camera budget reality long. Affect agreement sound.,83.093622,-114.212524,http://www.villegas.info/,241876.76,625042.92,Subject according.,Closed,Life green national.,https://andrews.com/,Lose.,69
Watch kid owner.,446897.59,1,3,Broker__cRef10,Yeah all majority.,2005-03-12,2022-07-11,2019-04-11,1973-07-05,1998-04-23,Develop security attorney mention idea. Citizen bring land page can fast. Reduce growth resource peace church.,82.3909175,-71.565200,https://www.hardin.info/,158792.98,60314.1,No edge side claim.,Closed,Create the PM edge.,http://www.rios.com/,May.,70
So much none step.,196097.88,3,1,Broker__cRef10,Enjoy memory do.,1985-05-26,2016-08-07,2018-12-17,2022-10-13,2013-06-26,Allow past piece staff vote. Certainly concern miss quality. Deal daughter why similar good task. Society if prove arm health glass use into.,61.390597,104.465491,https://www.hinton-everett.com/,886874.32,761883.99,Avoid contain such.,Pre Market,Security.,http://www.combs.org/,Base.,71
Many where herself.,400681.35,3,3,Broker__cRef10,Word image movie.,1986-06-30,1994-12-07,2006-08-15,1985-10-07,2001-09-19,Rest mission first to. Who number husband almost need play beyond. Ten church truth account back then. Everyone bit site choice yet relationship simple.,-22.976839,-81.064033,https://marquez-bradford.net/,93349.54,879280.55,Left more determine.,Available,Great particular.,https://www.riddle.org/,Price.,72
Against hard one.,142547.48,0,4,Broker__cRef10,Piece particularly.,1989-03-17,1996-09-23,2004-06-26,2019-04-13,1982-10-21,Trial do value prove moment add. This because air. Movie production control involve six partner son rate.,18.5197785,173.237025,http://www.pace-zimmerman.info/,598427.96,498734.75,Marriage serve.,Available,Sport tend vote.,http://www.schaefer.com/,Hotel.,73
Point now.,853998.38,3,5,Broker__cRef10,Require commercial.,1997-10-05,1991-10-30,1993-06-27,1987-03-24,2009-03-31,Learn avoid water class admit. Guy prove consumer end list act law. Economic night people college.,-79.2429875,-43.400508,http://frost.org/,605277.82,751569.14,Model down.,Contracted,North serious.,https://www.vega.net/,Join.,74
Purpose experience.,430526.45,2,5,Broker__cRef10,Decade probably.,1977-04-28,1994-04-06,1979-08-15,2002-08-17,1972-10-27,Fill bag without experience effect ask. Husband rich heart bed. Lawyer fast point win agency.,32.806138,-36.221707,https://www.watson-beasley.com/,258419.69,959087.52,Visit save option.,Closed,Candidate another.,http://www.bowman-hale.com/,Until.,75
Any value own.,334591.0,0,0,Broker__cRef10,Become few mother.,2007-08-15,2007-10-31,1990-06-05,1984-12-21,1991-07-06,Fall this magazine record kind experience. Day follow character treat something consumer value.,70.2977235,-106.872346,https://www.costa-esparza.com/,584284.9,151261.11,Throughout fish.,Contracted,Throw claim this.,http://beasley.biz/,Base.,76
Rock truth toward.,381670.46,1,4,Broker__cRef10,Station again.,2009-07-17,2006-11-09,2016-05-08,1977-12-22,1988-05-29,Language hard deep write civil real. Tree assume long have customer change. Stand local face fire energy enough.,-2.773591,-2.135136,https://www.carter.com/,941332.58,50394.79,Ready I former.,Under Agreement,Off establish.,http://www.alvarado.com/,Scene.,77
Day film material.,112144.18,3,2,Broker__cRef10,Yard meeting or.,2015-09-17,1974-05-26,1983-03-14,1989-08-11,1987-10-18,Born much address well red while. Serve mouth together military.,-55.455593,-62.010120,http://stanley-arroyo.org/,122388.34,669384.61,You every never.,Closed,Right painting.,https://www.hardin.com/,Point.,78
Around star four.,177760.2,2,4,Broker__cRef10,Degree surface.,2007-04-30,1970-05-11,1980-07-04,2011-04-14,2001-05-08,Individual few grow social. Foreign this impact everyone challenge.,10.9378875,-12.557834,http://kerr-baird.com/,258733.13,386285.16,Bag phone lead.,Under Agreement,Police follow throw.,https://www.barry.com/,Leave.,79
Democratic state.,698179.4,3,1,Broker__cRef10,College some effort.,2006-12-15,1992-03-31,1990-09-14,1978-08-28,2002-03-08,Treat much early. Behavior seven might soon bag into. Perhaps hard note.,-13.973567,148.156438,http://www.leonard.com/,62717.25,273340.44,Sea interesting.,Under Agreement,Public energy.,https://www.jefferson.biz/,Above.,80
Chair fire child.,727095.65,1,3,Broker__cRef10,Standard test.,1970-03-16,1995-07-19,1984-03-24,1978-11-30,1982-10-01,Research people economic treatment open pay hard education. Agree wind tree describe different woman science. Reflect contain accept sign place budget.,-75.8625305,-9.864013,https://gross-flores.com/,6456.75,47088.79,True manage father.,Pre Market,Price together.,http://www.mcguire.info/,Sell.,81
Congress no.,772682.6,2,0,Broker__cRef10,Song movie clearly.,1972-03-19,2006-04-12,2008-06-07,2001-07-13,1993-11-23,Beat white result. Exist citizen civil. Them another agent into tough make account.,-80.0414325,14.366465,http://colon.net/,713239.4,584064.46,Help several wind.,Under Agreement,Game keep claim.,https://www.reynolds.info/,Piece.,82
Another line with.,270042.95,3,3,Broker__cRef10,Gas idea edge sea.,1979-09-03,1996-12-20,2006-10-12,1978-03-22,1979-05-17,About personal nation notice born enough understand. Respond media security model home.,-15.317441,53.470833,http://cook.com/,231329.57,724294.48,Walk professor keep.,Pre Market,Parent would build.,https://www.nichols.com/,Seven.,83
My rock call issue.,974619.86,0,3,Broker__cRef10,East writer.,1983-01-28,2012-12-10,1975-06-21,1995-07-25,1988-09-18,Resource guy central tree media newspaper. Woman tell girl have usually air. Pm or animal recent bad artist able. Save large provide school.,10.5687765,148.741779,https://ochoa.org/,271239.44,494968.82,Nothing compare.,Pre Market,Start must will.,https://mathews-blake.net/,Wrong.,84
Left young so night.,281906.97,3,4,Broker__cRef10,Address reach PM.,2012-02-28,2001-11-25,1989-11-03,1984-07-04,1970-03-28,Allow star thought respond fish choose. Evening indeed black where yard affect. Table church hand.,40.003685,-88.767337,http://oneill-escobar.net/,12424.23,60275.12,Performance drug.,Pre Market,Cultural still new.,https://www.olsen-parks.com/,Ball.,85
Manager chair land.,234923.33,0,1,Broker__cRef10,Increase read.,1989-05-14,2000-05-05,2023-02-08,2020-06-15,2010-03-01,Sit daughter suddenly compare campaign so. Play read always apply three treat relate.,-85.155477,-159.358022,http://stewart.com/,140338.13,626494.95,Turn security.,Available,Whole information.,https://mayo.org/,Well.,86
Be boy season.,580157.84,3,2,Broker__cRef10,End we yeah.,1997-09-21,1979-08-27,2017-04-27,1975-09-27,1986-01-22,Level leg home social join. Accept culture language stand wall.,31.548696,-63.807347,http://www.ponce.com/,641521.3,233308.2,Laugh school.,Under Agreement,As theory candidate.,http://www.moran-collier.com/,Write.,87
Every southern.,858801.5,3,5,Broker__cRef10,Part action state.,2002-03-08,2014-03-13,1991-01-06,2006-12-03,1972-05-18,Life there section budget. Design reason big. Memory main summer benefit.,-59.5884505,83.896819,https://dickson-wilkins.net/,938692.7,83732.74,Game according pass.,Under Agreement,Network than fund.,http://www.huber-jones.org/,Seem.,88
Air television much.,680965.26,0,0,Broker__cRef10,Much ok ball spring.,2007-04-23,1998-07-13,1976-10-13,1975-01-26,1983-03-06,Commercial here piece election. Company course ever better affect lay.,-75.477973,105.414246,http://travis.biz/,107839.88,735452.58,Difficult letter.,Closed,Enter remain still.,http://kirk.com/,Food.,89
Our career cut.,556852.27,3,5,Broker__cRef10,Likely fine always.,2022-11-09,1989-06-19,1995-09-24,2014-07-02,2005-02-20,So its final any yeah mind sister. Himself institution fly.,62.7395825,98.776942,http://www.cox-hansen.com/,405259.9,293325.33,Or firm for base.,Available,What war anyone.,https://hanson.org/,Rise.,90
Wear defense.,836338.37,0,2,Broker__cRef10,Under suddenly.,1973-12-20,2010-10-22,2022-05-05,2004-12-24,2020-09-02,My base final many certainly allow. Boy become nation feel suggest Mr thus. North base season generation must best now best.,42.1437575,-86.471232,http://www.benitez.com/,263315.45,43861.16,Voice policy behind.,Available,Model mind former.,http://carney-oliver.org/,Not.,91
Economic treatment.,221127.61,0,1,Broker__cRef10,Put wish tonight.,1974-07-12,2012-07-18,2018-04-30,1981-10-29,2018-08-28,Physical usually owner pick will thing tax action. Same enter choose think.,-39.0279705,-10.586152,http://chandler.biz/,320961.9,187370.96,Such organization.,Closed,Present cell.,https://www.gould.com/,Fact.,92
Feeling interesting.,984715.12,1,3,Broker__cRef10,Hour face site.,2016-03-09,2018-04-17,1977-07-14,1993-11-17,1988-11-12,Data explain audience same society. For clear industry parent chair.,39.780577,34.746437,https://hutchinson-booth.com/,179304.31,575869.12,Them general.,Available,Movement ability.,http://www.shaw.net/,Ahead.,93
Adult eight.,708230.32,0,0,Broker__cRef10,Force method born.,2007-02-27,1977-01-16,2011-04-16,2014-01-22,1976-06-16,Suffer top population man about. Agree message car condition nation.,-60.280210,68.772695,http://bean.com/,451674.0,341495.56,Everyone Republican.,Contracted,Clear movie hold.,https://guerrero-irwin.net/,Quite.,94
Company safe last.,239889.15,3,4,Broker__cRef10,Apply they whether.,1972-07-06,1974-07-12,1999-04-10,1983-01-04,2022-01-29,Body everyone knowledge until above. Property individual often recently.,-78.7026155,-39.681097,http://escobar-silva.com/,38532.0,961470.36,Mouth tax free work.,Pre Market,Beat girl poor.,http://stephens.info/,Those.,95
Instead present.,107079.5,0,3,Broker__cRef10,List son live view.,2004-04-12,1997-02-26,1975-04-13,1970-06-30,1977-02-18,Friend medical figure local admit price allow. Nor third room budget let democratic. Chair establish while pattern those sometimes claim quite.,-28.887806,74.856610,https://www.ellison.info/,627897.47,840602.78,Rather since.,Available,Those quality.,http://liu.com/,Price.,96
That industry.,58117.69,3,2,Broker__cRef10,Network hold.,2015-08-13,1988-09-06,2006-03-04,2016-06-25,1997-05-28,Fact whether nature environment return. Avoid challenge life stay decide security with.,67.613693,-38.682746,https://hess.info/,336492.7,876945.7,Rich he event run.,Contracted,Hear cultural scene.,http://www.kirby.com/,Close.,97
Record quickly more.,552068.78,2,5,Broker__cRef10,Relate box practice.,1980-09-06,1985-07-10,1975-05-24,2018-12-17,2013-12-05,Economy contain hot senior but how. Class east total thing kitchen building quality laugh. Some idea exactly ball wide hand.,-23.7560785,-74.362478,https://gallegos-fox.com/,683583.34,915964.9,North agent work.,Contracted,Program else dark.,http://macdonald.com/,She.,98
This someone world.,96250.98,2,3,Broker__cRef10,Second protect.,1991-08-30,1977-09-20,1977-06-03,2006-01-25,1987-06-20,Bit recognize participant author someone production forget.,67.957264,68.819104,http://www.dodson.com/,257672.98,157601.73,To tree realize.,Contracted,Media heavy dream.,http://www.moss.info/,Later.,99
Book describe.,661925.86,0,1,Broker__cRef10,Possible you know.,2023-02-04,2022-07-01,1978-12-20,1995-07-21,1979-09-28,Down hospital stand scientist. Every defense compare important.,-14.3981785,-120.267559,http://www.cox.com/,431758.3,541781.47,Continue religious.,Contracted,Bill among.,http://tyler.com/,Five.,100
